{"errorDescription":"200-10000","message":"","resultObj":{"dictionary":{"AD_FREE":"$$ $$ AD Free","confirm_cta":"I\u0027m done","DIDNT_RECIEVE_TEXT":"Didn’t receive the code? Try Again","ENTER_OTP_MOBILE":"Enter the OTP sent to:","link_email":"Link your email now","OTP_Try_Again":"Try Again","gdpr_payment_processing_information":"You are about to disclose sensitive financial information to a third-party payment partner for the processing payments. Sony LIV does not process any financial information. In case of any payment-related issues, kindly contact such third-party payment partners directly.\r\n\r\nBy clicking on ‘Subscribe’, you agree that your subscription will renew automatically until cancelled by you. Prices are subject to change. No prorated refunds or credits shall be provided unless required by law. Cancel anytime by visiting your Account— here’s how. For more details, kindly refer to our Terms of Use.","VALID_OTP_TEXT":"Resend OTP in","ACN_0401":"You have been logged out. Please login again","ACN_0403":"Sorry, our services are not available in this country. But we’ll be waiting for you with all your favourites back home. See you soon.\r\nIn USA Sony LIV is available on www.Sling.com/Sonyliv","ACN_0403_subtitile":"Looks like we aren’t here yet.","ACN_0403_title":"We miss you too!","ACN_2402":"Please subscribe to watch this content","ACN_2408":"{\"Text\":\"You have reached the max limit of simultaneous viewing of content on this account.\", \"Subtext\":\"Please visit your My Account to manage your devices.\",\"CTA\":\"OK\"}","ACN_2411":"{\"Text\":\"You have reached the max limit of simultaneous viewing of content on this account.\",\"Subtext\":\"Please visit your My Account to manage your devices.\",\"CTA\":\"upgrade\",\"CTA1\":\"Cancel\"}","ACN_2412":"{\"Text\":\"You have reached the max limit of simultaneous viewing of content on this account.\",\"Subtext\":\"Please visit your My Account to manage your devices.\",\"CTA\":\"OK\"}","ACTIVATE":"Activate Device","ACTIVATE_SUCCESS":"your TV","ACTIVATION_PAGE":"Activation","AGE_0_TO_18":"0 - 18yrs","AGE_18_TO_24":"18yrs - 24yrs","AGE_25_TO_34":"25yrs - 34yrs","AGE_35_TO_44":"35yrs - 44yrs","AGE_45_TO_ABOVE":"44yrs above","AGREEMENT_POLICY":"I agree to Sony LIV’s","ALL_BANNER_EVENT_CLICK":"banner_click","ALL_THUMBNAIL_EVENT_CLICK":"thumbnail_click","ALL_VIDEO_THUMBNAIL_EVENT_CLICK":"video_thumbnail_click","APPLIED":"Applied","access_revocation_mesg":"You do not have the required permissions to watch this video","account_activation":"Account \u0026 Activation","account_hold_cta":"Complete your Payment","account_hold_line1":"There is a problem with your subscription.","account_hold_line2":"Click below to go to the $$GooglePlaySubscription settings to fix your payment.","account_hold_play_store":"Google Play Subscription","account_hold_title":"Payment Error!","account_restore_success":"Your form of payment was updated, and your subscription has been recovered.","activate_link":"https://sonyliv.com/activate","activation_offer_code_title":"Enter the Code","activation_offer_heading":"Activate Offer","activation_offer_line1":"Do you have a coupon?","activation_offer_line2":"Activate the offer now!","activation_offer_partial_payment_line1":"We are redirecting you to the plan selection screen.","activation_offer_partial_payment_wait":"Please Wait…","activation_offer_reset":"RESET","activation_offer_submit_cta":"Activate offer","activation_offer_success_congrats":"Congratulations!","activation_offer_success_heading":"Activate Offer","activation_offer_success_liv_it_up_cta":"Liv it up!","activation_offer_success_liv_it_up_plan_expiry_title":"Your Plan Expires:","activation_offer_success_msg":"Your offer is activated successfully.","Active_subscription":"Active subscription","your_free_pack_successfully_activated":"Your $$-$$ ad free pack is now successfully activated.","Ad_Free_Pack_Active_Title":"AD FREE PACK ACTIVE","Ad_Free_Valid_till":"$$ $$ Ad free, valid till: $$","AD_FREE_TXT":"AD-Free","add_profile_add_cta":"Add","add_profile_enable_pc":"Enable Parental Control?","add_profile_enable_pc_no":"No","add_profile_enable_pc_yes":"Yes","add_profile_name":"Name","add_profile_select_kids_age_group":"Select your age group (in years)","add_profile_success":"Profile added successfully","add_profile_title":"Add Profile","address":"Address","advertise_app_downloads_count":"100+ million","afs_bundling_activation_dsn_permission_text":"If you are eligible for Sony LIV 1-year pack purchased through Amazon Fire TV Stick + Sony LIV Combo offer, please select \u0027Allow\u0027 to activate the subscription. Select Amazon Fire TV Stick + Sony LIV Combo offer on payment page.","afs_bundling_activation_failure":"Subscription Activation Failed","afs_bundling_activation_failure_network_error_desc":"Something went wrong, please try again","afs_bundling_activation_failure_network_error_subtxt":"In case issue doesn\u0027t resolve, please reach out to Sony LIV customer care.","afs_bundling_activation_failure_not_applicable_error_desc":"Sorry Amazon Fire TV Stick + Sony LIV Combo Offer subscription is not available on this device","afs_bundling_activation_failure_not_applicable_error_subtxt":"Please purchase Sony LIV Premium subscription or browse for free","afs_bundling_activation_failure_permission_deny_error_desc":"We require permission to read your device serial number to activate Fire TV Stick + Sony LIV Combo subscription, please give permission and try again","afs_bundling_activation_failure_permission_deny_error_subtxt":"In case issue is not resolved please reach out to Sony LIV customer service: livsupport@sonyliv.com.","afs_bundling_consent_no_cta":"No, I will activate Pack Later","afs_bundling_consent_title":"Activation Consent","afs_bundling_consent_yes_cta":"Activate Amazon + Sony LIV Combo","afs_restore_failed_line1":"Your subscription is not active","afs_restore_failed_line2":"Please reach out for support to Amazon Customer Support","afs_restore_failed_title":"Purchase Failed","afs_restore_falied_ok_cta":"Okay","afs_restore_inprogress_line1":"Please wait while we are payment is getting processing your payment","afs_restore_inprogress_ok_cta":"Continue","afs_restore_inprogress_title":"In Progress","afs_restore_myaccount_desc":"Click here incase your amount has been deducted and subscription is not active","afs_restore_myaccount_title":"Restore Purchases","afs_restore_success_line1":"Enjoy your subscription!","afs_restore_success_ok_cta":"Okay","afs_restore_success_title":"Purchase Restored","afs_subscription_failure_description_line1":"Your subscription is not active!","afs_subscription_failure_description_line2":"Please reach out to Amazon Customer Support for support.","afs_subscription_failure_title":"Activation Failed!","afs_subscription_reminder_popup_description":"Hi! Your subscription is about to expire in $$DAYS_TO_EXPIRE days. To continue uninterrupted service, renew now!","afs_subscription_reminder_popup_description_expired":"Your subscription has expired! To continue uninterrupted service, renew now.","afs_subscription_reminder_popup_title":"Alert!","afs_subscription_success_description":"Your Amazon Fire TV Stick + Sony LIV Combo subscription for Sony LIV Premium is active now.","afs_subscription_success_duration":"Pack Duration:","afs_subscription_success_title":"Congratulations!","age_gating_fallback_toast_message":"Access is restricted for your age group","ALL_REWARDS":"ALL REWARDS","almost_done":"Almost done! Enter the OTP sent on mobile no. to update your email address","almost_there_number":"Almost there! Verify your mobile number","already_member":"Already premium member?","ampercent":"\u0026","android_restore_purchase_default_error_desc":"We were unable to find an active subscription for your account. If you need any further support, please write to our customer support center.","android_restore_purchase_default_error_title":"Popup Title - No Purchase Restored","android_restore_purchase_diff_acc_desc":"Your subscription is linked to another account. Please login from the account from which subscription was purchased and try restoring the purchase again.","android_restore_purchase_diff_acc_title":"No Purchase Restored","android_restore_purchase_empty_receipt_desc":"We were unable to find an active subscription for your account. If you need any further support, please write to our customer support center.","android_restore_purchase_empty_receipt_title":"No Purchase Restored","android_restore_purchase_popup_cta":"Ok","android_restore_purchase_same_acc_desc":"Your subscription is already activated now. Please refresh your app and start enjoying the latest content. If you need any further support, please write to our customer support center.","android_restore_purchase_same_acc_title":"No Purchase Restored","android_restore_purchase_timeout_error_desc":"Something went wrong. Please try again after sometime.","android_restore_purchase_timeout_error_title":"No Purchase Restored","api_failure_message":"{\"Text\":\"Uh oh! Looks like something is not right.\",\"Subtext\":\"Please try again\",\"CTA\":\"Ok\"}","app_rating_descr":"Let us know your experience by rating us and sharing your valuable feedback","app_rating_fb_form_line1":"Please tell us how we can improve","app_rating_fb_form_skip_cta":"Skip","app_rating_fb_form_submit_cta":"Submit","app_rating_fb_form_textbox":"Share your feedback here","app_rating_fb_form_title":"Feedback","app_rating_skip_cta":"Skip","app_rating_submit_cta":"Submit","app_rating_title":"Rate your Experience","APPLY":"apply.","SIMULCAST_onAssetCard":"STREAMING","avod_accepted_your_inv_txt":"$$ accepted your invitation","avod_ad_free_duration":"Ad-Free days","avod_ad_free_graph_title":"AD-Free\"","avod_app_alrdy_inst_invite_friends":"Invite Friends","avod_app_alrdy_inst_message1":"App already installed on device. Referral code cannot be applied.","avod_app_alrdy_inst_message2":"to get ad free experience","avod_expiry_popup_description":"Subscribe or invite to continue ad free experience","avod_expiry_popup_title":"Pack Expired!","avod_invite_friend":"Invite a Friend","avod_invite_friend_to":"Invite a friend to","avod_invite_friend_to_get_btn_txt":"Invite friends to get","avod_invite_now_btn_txt":"Invite Now","avod_invite_ur_friend":"Invite your friend and you both get $$ $$ of ad-free experience.","avod_invited_users":"Invited Users","avod_referral_ad_free_pack_active":"AD FREE PACK ACTIVE","avod_referral_cannot_aply_descr":"Do you want to login without Referral code?","avod_referral_cannot_aply_title":"Referral code cannot be applied! Register using your mobile number","avod_referral_code_con_without_referral":"Do you want to continue without Referral code?","avod_referral_code_invalid_title":"Referral code is invalid!","avod_referral_code_label_title":"Referral Code (Optional)","avod_referral_code_successfully_applied_vv_description":"Watch $$ videos to activate $$-$$ ad free pack. Invite Friends to earn additional as free packs","avod_referral_code_successfully_applied_vv_title":"Referral code applied Successfully","avod_referral_code_successfully_description":"Your $$ ad free pack is now successfully activated. Invite Friends to earn additional ad free packs.","avod_referral_code_successfully_title":"Congratulations!","avod_referral_enter_code":"Enter your referral code here","avod_referral_mobile_already_reg":"Mobile Number is already Registered","avod_referral_rewds_title":"Referral Rewards","avod_referrer_rewards":"REFERRER REWARDS","avod_terms_condtns":"Terms \u0026 Conditions","avod_you_accepted_inv_txt":"You have accepted invitation from $$","avod_your_referrals":"Your Referrals","b2b_partial_coupon_success_text":"Congratulations !","BACKGROUNDTRAY":"BackgroundTray With Image","BANNER_BUTTON_ACTION":"Banner Button","BANNER_CLICK":"Banner Click","BTN_Done":"Done","bitrate_switch_prompt":"bitrate_switch_prompt","bls_continue_cta":"Continue to Sony LIV","bls_coupon_cta":"Redeem the coupon now!","bls_success_confirm_text":"Your survey is submitted successfully","bls_success_title":"Thank you!","browse_keymoments":"Browse some of the key moments from this match.","CAST":"Cast","CHROME":"Chrome Browser","CLOSE":"Close","CM_APP_START":"navigate_general","CM_LOGOUT":"logout","CM_NAVIGATE_LOGIN":"navigate_login","CM_NAVIGATE_REGISTER":"navigate_register","CM_SHARE_CLICK":"share_item","CODE_ENTER_MSG":"Enter the Code shown on your TV","CONFIRM_NEW_PASSWORD":"Confirm new password","CONFIRM_PASSWORD":"Confirm Password","CONFORM":"Done","CONNECTION_LOST":"Connection lost","CONTACT_US":"Contact Us","CONTACTUS_PAGE_NAME":"Contact Us","CONTINUE":"Continue","CONTINUE_WITH_EMAIL":"Continue with email or social","CONTINUE_WITH_MOBILE":"Continue with mobile","CTA":"OK","cancel_free_trial_cta":"Cancel Free Trial","cancel_free_trial_header":"Cancel Free Trial","cancel_free_trial_line1":"Please tell us why you want to cancel your free trial.","cancel_title":"Cancel","card_card_number":"Enter the card number","card_cvv":"CVV","card_enter_card_holder_name":"Enter the name on the card","card_enter_card_number":"Enter the card number here","card_error_enter_card_number":"Please enter the card number","card_error_enter_name":"Please enter the name on the card","card_error_exipry_cvv":"Please enter the card CVV","card_error_exipry_year":"Please enter valid Card Expiry Year","card_error_expiry":"Please enter the card expiry [MM/YY]","card_error_expiry_month":"Please enter valid Expiry Month","card_expiry":"Expiry","card_expiry_mm_yy":"Expiry (MM/YY)","card_expiry_month":"MM","card_expiry_year":"YY","card_holder_name":"Name on the Card","card_number_title":"Card Number","card_redirect_message":"You will be directed to your bank for OTP input to verify your account.","card_save_message":"Your card details will be saved to give you a hassle free auto renewal","card_submit":"Submit","card_subscription_details":"Your subscription details","card_title":"Enter your card details","Change_Password":"Change Password","check_mobile_num":"please check the mobile number","choose_avatar_title":"Choose Your Avatar","choose_download":"Choose the Download Quality","choose_video":"Choose the Video Quality","chromecast_connection_failure":"chromecast_connection_failure","chromecast_connectionfail_appmsg":"Failed to connect. Please try again.","chromecast_guest_premium_tvmsg":"This is a premium content. Login on Sony LIV app.","chromecast_inprogress_appmsg":"Connecting to $DEVICE_NAME","chromecast_inprogress_tvmsg":"Connecting...","chromecast_parentalpin_tvmsg":"Access is restricted for your age group. Please enter PIN to proceed","chromecast_premium_tvmsg":"This is a premium content. Subscribe now","chromecast_reconnecting_tvmsg":"Reconnecting.....","chromecast_success_appmsg":"Connected to $DEVICE_NAME","chromecast_sucess_tvmsg":"Ready to Cast","Clint_Ratnam":"Clint Ratnam","consent_pref_accept_cta":"Accept","consent_pref_consents":"Personal","consent_pref_cookie":"Website Cookies","consent_pref_deny_cta":"Don\u0027t save changes","consent_pref_done":"Done","consent_pref_heading":"Consent Preferences","consent_pref_note":"Note","consent_pref_note1":"If you accept Changes you will be logged out of all devices, pls login again.","consent_pref_note2":"If you want to Cancel Click - Don\u0027t Save Changes.","Consent_Preference":"Consent Preference","contact_us_email_validation_error":"Please enter valid Email","contact_us_form_title":"Select a Query","contact_us_heading":"Help Center","contact_us_mobile_validation_error":"Please enter valid Mobile Number","contact_us_sub_heading":"We are here to help you!","content_can_be_played":"This content can only be played 1 more time","content_cannot_be_downloaded":"This content can no longer be downloaded","content_corrupt_and_not_playable":"{ \"retry\": \"Yes\", \"title\": \"Video is not loading at this time. Please try again later\", \"description\": \"\" }","contextual_add_cta":"Add","contextual_getin_cta":"Get In","contextual_next_cta":"Next","contextual_signin_default_msg":"Register on Sony LIV or sign in into your existing account.","contextual_signin_download_msg":"Register on Sony LIV or sign in into your existing account to download this video","contextual_signin_email_button_cta":"Email","contextual_signin_email_social_button_cta":"Email or Social Account","contextual_signin_email_social_link_cta":"Already registered with Email or Google/FB ?","contextual_signin_enter_mobile":"Enter your Mobile Number","contextual_signin_mylist_msg":"Register on Sony LIV or sign in into your existing account to add My List","contextual_signin_myreminder_msg":"Register on Sony LIV or sign in into your existing account to add Reminder","contextual_signin_playback_msg":"Register on Sony LIV or sign in into your existing account to watch this video","contextual_signin_subscription_msg":"Register on Sony LIV or sign in into your existing account to subscribe the pack","contextual_signin_title":"Sign in to continue","contextual_update_cta":"Update","continue_title":"Continue","cross_platform_fallback_error":"Please visit your earlier purchased device to purchase/upgrade","customer_name":"Customer Name","DETAILS_ERROR_MSG":"Something went wrong","DEVICE_ACTIVATED":"Device Activated","DEVICE_HEADER":"Device Management","DEVICE_MANAGEMENT_CATEGORY":"Device Management","DEVICE_MANAGEMENT_ERROR":"device_management_error","DEVICE_MANAGEMENT_ERROR_ACTION":"Device Management Error","DEVICE_MANEGEMENT_PAGE":"Device Management","DEVICE_USED":"Devices used","DONE":"Done","DURATION":"Duration","day":"Day","days":"Days","de_dont_log_text":"I don\u0027t want to log in","de_login_again":"Login again","de_session_expired_text":"Your session has expired","de_session_inactive_expired":"Due to inactivity, your session has expired. Please login again to continue","del_profile_success":"Profile deleted successfully","delete_conf_cancel_cta":"Cancel","delete_conf_ok_cta":"Ok","delete_conf_subtext":"The deletion will be permanent and the profile cannot be recovered","delete_conf_text":"Are you sure you want to delete the profile?","delete_or_restore_req_failed_popup_desc":"Your request to delete this account has failed. We apologize for the inconvenience","deletion_request_failed_title":"Deletion Request Failed","detail_page_trailer_overlay_cancel":"Cancel","detail_page_trailer_up_next":"Up Next","devices":"Devices","dislike":"Not for Me","dislike_toast":"Thanks for your feedback","dollar":"USD","download_ad_exit_msg":"Are you sure you want to cancel the download?","download_ad_watch_cta_msg":"Get ready to watch your favourite videos anytime, anywhere!!","download_clear_device_storage":"Please clear your device storage to continue downloading","downoad_device_storage_full":"Device Storage Full","download_downloading_icon":"Downloading","download_finish_msg":"Download will start automatically after the Ads","download_for_download_complete":"Waiting for another download to complete","download_manage_storage":"Please clear your device storage to continue downloading","download_no_ads_msg":"Congratulations, You got lucky. Your download will start immediately without any ads","download_quality_edit_again":"Download Again","download_quality_msg":"Choose Download Quality","download_queued_icon":"Queued","download_retry_download":"Retry Download","download_space_error":"You have insufficient space on your device. $$ Clear Storage $$ARROW","download_space_msg":"Available space on your device is $$FREE_MEMORY","download_start_cta_msg":"Start Download","download_subscribe_without_ads":"Subscribe to Download without ads","download_subscription_promo_hyperlink":"For Ad-Free Downloads, $$ Subscribe now $$ARROW","download_subscription_promo_msg":"To enjoy unlimited Ads free download","download_upgrade_promo_msg":"For Ad-Free Downloads, $$ Upgrade now $$ARROW","download_video_expires":"Downloaded video expires in \u0026days","drm_license_acquisition_failure":"{ \"retry\": \"Yes\", \"title\": \"Something went wrong\",please try again\", \"description\": \"\" }","drm_protected_apps_msg_2":"You can enjoy this on \u003cspan style\u003d\u0027color:#ffc900;\u0027\u003e Sony LIV \u003c/span\u003e app or \u003cspan style\u003d\u0027color:#ffc900;\u0027\u003e www.sonyliv.com \u003c/span\u003e","drm_protected_apps_msg_3":"\u003cspan style\u003d\u0027color:#b3b3b3;\u0027\u003eVisit our \u003c/span\u003e\u003cspan style\u003d\u0027color:#ffffff;\u0027\u003e FAQs \u003c/span\u003e \u003cspan style\u003d\u0027color:#b3b3b3;\u0027\u003e section on our app or website to see the \u003c/span\u003e\u003cspan style\u003d\u0027color:#ffffff;\u0027\u003e list of supported platforms \u003c/span\u003e.","drm_protected_button_text":"List of Supported Platforms","drm_protected_line_1":"This device does not support playback of some protected content","drm_protected_line_2":"You can enjoy this on Sony LIV mobile app or www.sonyliv.com","drm_protected_line_3":"Visit our FAQs section on our app or website to see the list of supported platforms.","EDIT_CATEGARY":"Profile","EDIT_DETAIL_LABEL":"Edit Detail","EDIT_DETAIL_PAGE":"edit_profile","EDIT_DETAILS":"Edit Details","EDIT_PROFILE":"Edit Profile","EDIT_PROFILE_CONFIRM_ACTION":"Edit Profile Confirm Click","EDIT_PROFILE_CONFIRM_CLICK":"profile_confirm_click","EMAIL":"Email","EMAIL_ADDRESS":"Email address","EMAIL_ERR_MSG":"Invalid Email Id","EMAILERROR":"Email is not valid!","EMAIL_ID_CONFIRM_LABEL":"Email Id Confirm","EMAIL_ID_ENTER_LABEL":"Email Id Enter","EMAIL_OR_SOCIAL_ACCOUNT":"Email or Social Account","EMAIL_PASS_ENTER_LABEL":"Email Password Enter","EMAIL_SIGN_IN":"email_sign_in","EMAIL_SIGN_IN_PAGE_NAME":"Sign In Email","EMAIL_SOCIAL_BUTTON_CLICK":"email_social_button_click","EMAIL_SOCIAL_ENTER_PASSWORD":"email_social_enter_password","EMAIL_SOCIAL_EVENT_ACTION":"Email Social Sign In","ENTER_CODE":"Enter Code","ENTER_EMAIL_ADDRESS":"Enter your email address","ENTER_MOBILE_NUMBER":"enter_mobile_number","ENTER_MOBILE_NUMBER_LABEL":"Enter Mobile Number","ENTER_NEW_PASSWORD":"Enter new password","ENTER_OTP":"Enter the 4 digit OTP sent to","ENTER_PASSWORD":"Enter password","ENTER_PIN":"Enter PIN","ERROR_MESSAGE":"Something went wrong.","ERROR_REQUEST_MESSAGE":"Please try again in sometime.","EXIPRES":"Expires on","profile_setup_edit_cta":"Edit","Edit_Details":"Edit Details","edit_profile_cta_continue":"Continue","edit_profile_date_help":"DD / MM / YYYY","edit_profile_del_opt":"Delete","edit_profile_email":"Email ID","edit_profile_gender":"Gender","edit_profile_kids_age_group_msg":"Please update the age group of the kid to enable age appropriate content","edit_profile_kids_age_group_udpate":"Update Profile","edit_profile_mobile":"Mobile number","edit_profile_name":"Name","edit_profile_select_kids_age_group":"Select your age group (in years)","edit_profile_success":"Profile updated successfully","edit_profile_title":"Edit Details","edit_profile_update_cta":"Update","email_added":"Email address added successfully. You’re now logged in with your new email address","email_already_reg":"Email Address is already registered. Please try a different one.","email_exist_error":"Email address is already registered. Please try a different one","email_missing":"Your profile is incomplete. Email address missing","email_missing_text":"\u003cb\u003eNew update!\u003c/b\u003e We need your email address to secure your account. Please add your email address in next screen to complete the sign in process","email_mobile_no_update":"Email address or mobile number cannot be updated","email_only_login":"We are moving to email only logins","email_opt_txt":"Almost done! Enter the OTP sent on your email address","email_otp":"Send OTP to email address","email_otp_notification":"We have moved to email login using OTP for enhanced security on your account.","email_otp_security_info":"We have moved to email login using OTP for enhanced security on your account.","email_sign_in":"Please note: From now on, you can use your email address to sign in to your Sony LIV account.","email_signup":"Sign up via email address","email_signin_emailid":"Email ID","email_updated":"Email address updated successfully","email_verification":"Almost done! Verify your mobile number","enter_code_text":"enter below code","entitlement_error":"{\"Text\":\"Please subscribe to Tata Play Binge to watch this video\",\"Subtext\":\"\",\"CTA\":\"Ok\"}","epi_details_all_epi":"All Episodes","epi_details_continue_watching":"Continue Watching","epi_details_episodes":"Episodes","epi_details_filter_epi_range":"Episode Range","epi_details_filter_selection":"Filter Episodes By","epi_details_latest":"LATEST","epi_details_sort":"Sort By","epi_details_sort_epi_no":"Episode Number","epi_details_sort_latest":"Latest Episode","error":"Error","error_premium_payment_failed":"Something went wrong with the payment. Please try again.","gdpr_payment_error_code":"Invalid code. please try again.","error_try_again":"retry","every":"every","exit_prompt_heading":"Are you sure you want to exit the app?","exit_prompt_no_cta_label":"No","exit_prompt_yes_cta_label":"Yes","Expired":"Expired on","expired_on":"Expired on :","Expired_Subscriptions":"Expired Subscriptions","FACEBOOK":"Facebook","FEMALE":"Female","FIRST_EPISODE_DATE":"First episode date","FLOATING":"Enter Existing Password","FLOATING_NEW":"New Password","FOOTER_EVENT_ACTION":"Footer","FOOTER_MENU_CLICK":"footer_menu_click","FOR":"for","FORGOT_PASSWORD":"Forgot Password?","FORGOT_PASSWORD_CLICK":"forgot_password_click","FORGOT_PASSWORD_CLICK_LABEL":"Email Social Forgot Password","FORGOT_PASSWORD_PAGE_NAME":"Forgot Password","FOR_PASS_CONTINUE_CLICK":"Forpass Continue Click","failed":"Failed","filter_layout_no_data":"No data available.","flipkart_already_subscribed":"You are already a premium user.","flipkart_login_accept":"I agree to Sony LIV’s $$TERMS_OF_USE \u0026 $$PRIVACY_NOTICE","flipkart_login_email":"Email ID","flipkart_login_mobile":"Mobile number","flipkart_login_submit":"Submit","flipkart_login_title":"Continue with Mobile and Email","flipkart_success_message1":"You have made the right choice of entertainment!","flipkart_success_message2":"Your Subscription Details","flipkart_success_pack_text":"You will be charged $$CURRENCY.$$PRICE and after every $$DURATION.","flipkart_success_supercoin_message":"Up to 200 Super Coins will be credited to your Flipkart account soon","flipkart_success_title":"Thank You","flow2_already_registered_email":"You have already registered with the entered Email.","flow2_already_registered_mobile":"You have already registered with the entered Mobile Number.","flow2_continue_cta":"Continue","flow2_email_title":"With Email","flow2_enter_email_text":"Enter your valid email address","flow2_enter_mobile_text":"Enter your mobile number","flow2_have_account":"Already have an account? ","flow2_have_account_signin":"Sign In","flow2_login_success":"You have successfully Registered with","flow2_main_register_cta":"Register Now","flow2_main_signin":"Sign in","flow2_main_title":"Register/Sign In","flow2_mobile_title":"With Mobile","flow2_no_account":"Don’t have an account?","flow2_no_account_register":"Register Now","flow2_not_registered_email":"Seems like you are not registered with the entered Email.","flow2_not_registered_mobile":"Seems like you are not registered with the entered Mobile Number.","flow2_or_text":"Or","flow2_register_cta":"Register","flow2_register_success":"You have successfully Signed in with","flow2_register_title":"Register","flow2_register_with_email_title":"Register with Email","flow2_register_with_mobile_title":"Register with Mobile","flow2_signin_cta":"Sign In ","flow2_signin_email":"Email ID","flow2_signin_email_title":"Sign in with Email","flow2_signin_mobile_number":"Mobile number","flow2_signin_mobile_title":"Sign in with Mobile","flow2_terms":"I agree to Sony LIV’s $$TERMS_OF_USE \u0026 $$PRIVACY_NOTICE","For_better_experience":"For better experience","forced_sign_in_button_text":"Sign In Now","forced_sign_in_header":"Trying to access Sony LIV?","forced_sign_in_message":"Sign in to LIV and watch amazing Movies, TV shows and much more. Anytime, anywhere!","gdpr_payment_form_fill":"Please fill the details","free_preview_end_msg":"To continue watching this premium content","free_trial_for":"Trial for  0020","freetrial_login_subscribeduser":"Seems like you are already subscribed to this pack","freetrial_success_text":"You will be charged $$CURRENCYSYMBOL$$PRICE on $$DATE and after every $$DURATION","ft_activate_cta":"Start Free Trial","ft_login_subscribeduser":"You already have an active subscription","ft_payment_cc":"A nominal amount will be charged for validation on your CC","ft_payment_dc":"A nominal amount will be charged for validation on your DC","ft_payment_paytm":"A nominal amount will be charged for validation on your wallet","ft_payment_store":"A nominal amount will be charged for validation on your Account","ft_success_activate_msg":"Your free trial has been activated","ft_success_line":"Your free trial ends on","ft_success_text":"You will be charged  on","ft_success_title":"You have made the right choice of entertainment!","GENDER":"Gender","GOOGLE":"Google","GO_PREMIUM":"Go Premium","games_invite_friends_share_msg":"Play $$ game with me on Sony LIV and win exciting prizes","games_server_error_message":"Games are being updated. We will be back soon!","games_share_with_friends_share_msg":"I scored @@ after playing $$ on Sony LIV. Join me and win exciting prizes","gdpr_consent_reminder":"Please enable your In-App permissions to receive Reminders","gdpr_kids_consent":"I agree to the processing of the personal data under the Children’s profile to enable Sony LIV to provide personalized recommendations.","gdpr_payment_processing_info":"You are about to disclose sensitive financial information to a third-party payment partner for processing of your payment. Kindly note that, Sony LIV/SPN does not process any financial information related to your payments and accordingly, Sony LIV / SPN will not be responsible for the said financial information provided to any third-party payment partner. In case of any payment related issues, kindly contact such third-party payment partner directly.","gdpr_terms":"I declare that I am above 18 years of age and have read and hereby accept the $$TERMS_OF_USE and $$PRIVACY_NOTICE","generic_error_cancel_cta":"Cancel","generic_error_heading":"Oops!","generic_failure_message":"{ \"retry\": \"Yes\",\"title\": \"Something went wrong, please try again\", \"description\": \"\" }","geo_blocked":"{ \"retry\": \"No\", \"title\": \"This video is not available in your country\", \"description\": \"\" }","GET_AD_FREE":"AD FREE!","get_most":"Get the most out of Sony LIV with Subscription","GET_TEXT":"GET","goback":"Go back","go_to_yo":"Go to your","go_to_you":"Go to your","goto_faqs":"Go to FAQs","HAMBURGER_SIGN_IN":"hamburger_sign_in","help_center_attachment_size_error":"File upload failed! Max files size to be less than $$Size","help_center_attachment_type_error":"File upload failed! Allowed file types [$$Format]","help_center_cancellation_form_cancel_cta_title":"Cancel Subscription","help_center_cancellation_form_enter_reason":"Enter your Reason","help_center_cancellation_form_login_cta":"Login to Proceed","help_center_cancellation_form_login_msg":"Please \u003cb\u003eLogin\u003c/b\u003e to your account to help us track your subscription.","help_center_cancellation_form_no_txn_msg":"Currently you do not have any active subscription applicable for cancellation","help_center_cancellation_form_no_txn_title":"No Transactions Found!","help_center_cancellation_form_note":"All plans are non-refundable. Cancelling a subscription won\u0027t give you refund. It only means you will not be charged a renewable fee. You can continue to enjoy the subscription till the end of your plan expiry","help_center_cancellation_form_select_reason":"Select Reason of Cancellation","help_center_cancellation_form_success_heading":"Your $$PLAN Subscription Cancelled!","help_center_cancellation_form_success_message":"Your subscription will remain valid till $$EXPIRYDATE. You can continue watching the content in plan till expiry day.","help_center_cancellation_form_title":"Select the pack(s) you want to cancel from your account.","help_center_cancellation_form_txn_api_fail_msg":"We are currently unable to retrieve your subscription, please try again in sometime","help_center_cancellation_form_txn_api_fail_title":"Something went wrong!","help_center_cancellation_form_txn_select_fallback_msg":"This pack cannot be cancelled from this section. Please Click on Write to Us link below and submit your query if there is any further concern.","help_center_email_validation_error":"Kindly enter valid email id","help_center_faq":"Frequently Asked Questions (FAQs)","help_center_mandatory_label":"Fields marked with * are mandatory.","help_center_mobile_validation_error":"Kindly enter your mobile number","help_center_not_satisfied":"Not satisfied? $$WriteToUs","help_center_reset_cta":"Reset","help_center_sub_not_active_form_guest_user_msg":"Please make sure you are logged in from the account you made purchase. Majority of the users with this complaint use different phone numbers and face Issues","help_center_sub_not_active_form_login_cta":"Login to Proceed","help_center_sub_not_active_form_login_msg":"Please \u003cb\u003eLogin\u003c/b\u003e to your account to help us track your transactions.","help_center_sub_not_active_form_msg":"Please make sure you are logged in from the account you made purchase. Majority of the users with this complaint use different phone numbers and face issues.","help_center_sub_not_active_form_no_txn_login_cta":"Login from a different account","help_center_sub_not_active_form_no_txn_title":"No Transactions Found!","help_center_sub_not_active_form_old_txn_msg":"For older transactions, go to \u003cb\u003eMy Account\u003c/b\u003e \u003e \u003cb\u003eTransaction History\u003c/b\u003e","help_center_sub_not_active_form_txn_api_fail_msg":"We are currently unable to retrieve your transactions, please try again in sometime","help_center_sub_not_active_form_txn_api_fail_title":"Something went wrong!","help_center_submit_cta":"Submit","help_center_success_done_cta":"Done","help_center_success_heading":"Request Submitted!","help_center_success_message":"We have successfully received your request. We will get back to you soon.","help_center_write_to_us":"Write to Us","Help_Faqs_PAGE":"help_faqs","Home":"Home","INFO":"Info","INPUT_HEADER":"Change Password","INVALID_OTP":"Invalid OTP","in_app":"In App","ind_code":"91","interests_empty_subtitle":"Your interests need some love.","interests_empty_title":"Nothing interesting?","internet_con_req_for_download":"A network connection is required to continue downloading","internet_con_req_to_renew_download":"Internet connection required to renew the download","intervention_title":"Play Along","invalid_sku":"Invalid Sku","ios_restore_purchase_default_error_desc":"We were unable to find an active subscription for your account. Please try again after sometime or if you need any further support, please write to our customer support center.","ios_restore_purchase_default_error_title":"Popup Title - No Purchase Restored","ios_restore_purchase_diff_acc_desc":"Your payment has been declined. The subscription is linked to another account. Please login from the account from which subscription was purchased and try restoring the purchase again","ios_restore_purchase_diff_acc_title":"No Purchase Restored","ios_restore_purchase_empty_receipt_desc":"We were unable to find an active subscription for your account. If you need any further support, please write to our customer support center.","ios_restore_purchase_empty_receipt_title":"No Purchase Restored","ios_restore_purchase_expired_receipt_desc":"Your payment has been declined. The subscription has already expired.","ios_restore_purchase_expired_receipt_title":"No Purchase Restored","ios_restore_purchase_same_acc_desc":"Your subscription is already activated now. Please refresh your app and start enjoying the latest content. If you need any further support, please write to our customer support center.","ios_restore_purchase_same_acc_title":"No Purchase Restored","ios_restore_purchase_timeout_error_desc":"Something went wrong. Please try again after sometime.","ios_restore_purchase_timeout_error_title":"No Purchase Restored","iqo_registeration_successful_message":"Your payment towards Quiz Tops is successful!","Issue_successfully_reported":"Thanks! Our team will look into your issue.","jio_pay_help_text":"Note: Payment may take upto 12 mins to reflect. In case any amount gets deducted without the subscription activation, money will be refunded by Jio Pay","jio_pay_not_applicable_text":"not applicable for payment via JioPay","jio_pay_payment_select_fallback_message":"Please try after sometimes","1st_party_data_age_gender_date_error":"Invalid date entered","1st_party_data_age_gender_max_age_error":"Please enter age below $$MAX_YEARS years","1st_party_data_age_gender_min_age_error":"Please enter age above $$MIN_YEARS years","1st_party_data_appographic_consent_allow_cta":"Allow","1st_party_data_appographic_consent_content":"We wish to collect data like apps installed to offer video suggestions and relevant ads.","1st_party_data_appographic_consent_later_cta":"Skip","1st_party_data_appographic_consent_title":"Help us personalize better","1st_party_data_non_trigger_age_gender_intervention_content":"Help us with your quick details to get the best experience.","1st_party_data_non_trigger_age_gender_intervention_title":"Hey","1st_party_data_non_trigger_age_title":"What’s your Year of Birth?","1st_party_data_non_trigger_gender_title":"What’s your Gender?","1st_party_data_non_trigger_min_age":"($$+ years)","1st_party_data_non_trigger_submit":"Submit","1st_party_data_onboarding_age_gender_content":"Help us with your details to get the best experience.","1st_party_data_onboarding_age_gender_date_help":"DD / MM / YYYY","1st_party_data_onboarding_age_gender_dob":"Enter your \u003cb\u003eDate of Birth\u003c/b\u003e (e.g. 23/04/1985)","1st_party_data_onboarding_age_gender_label_age":"What’s your Date of Birth?","1st_party_data_onboarding_age_gender_label_gender":"What’s your \u003cb\u003eGender\u003c/b\u003e?","1st_party_data_onboarding_age_gender_later":"Maybe Later","1st_party_data_onboarding_age_gender_select_gender":"Select your \u003cb\u003eGender\u003c/b\u003e","1st_party_data_onboarding_age_gender_submit_cta":"Submit","1st_party_data_onboarding_age_gender_title":"Welcome, Liv it up!","1st_party_data_onboarding_min_age":"($$+ years)","1st_party_data_onboarding_skip":"Skip","1st_party_data_onboarding_year":"Year of Birth","1st_party_data_rule_based_age_gender_date_help":"DD / MM / YYYY","1st_party_data_rule_based_age_gender_dob":"Enter your \u003cb\u003eDate of Birth\u003c/b\u003e (e.g. 23/04/1985)","1st_party_data_rule_based_age_gender_intervention_content":"Provide below details to enjoy unlimited videos","1st_party_data_rule_based_age_gender_intervention_title":"Provide the below details to continue watching","1st_party_data_rule_based_age_gender_select_gender":"Select your \u003cb\u003eGender\u003c/b\u003e","1st_party_data_rule_based_age_title":"What’s your Year of Birth?","1st_party_data_rule_based_gender_title":"What’s your Gender?","1st_party_data_rule_based_login_intervention_content":"Please sign in to enjoy unlimited videos","1st_party_data_rule_based_login_intervention_text":"Hi, Your sign-in is needed to proceed!","1st_party_data_rule_based_min_age":"($$+ years)","1st_party_data_rule_based_skip_cta":"Skip","1st_party_data_rule_based_video_count_pending_cta":"Sign In","1st_party_data_rule_based_video_count_pending_text":"## videos left without sign-in","1st_party_data_signin_age_gender_title":"You are almost done!","1stmessage":"This video is already being watched on other device(s) with your login.","2ndmessage":"You can also stop the streaming from another device and try to play this video again","404-10143":"{ \"VOD\" : \"Sorry, This content is no longer available\", \"LIVE\": \"Sorry, The live streaming has ended and this content is no longer available\"}","kbc_show_title":"Play Along","kbc_chromecast_dialog_cta_text":"Play","kbc_chromecast_dialog_description":"Please disconnect chromecast and play on your mobile app","kbc_chromecast_dialog_title":"This content can not be casted","key_moment_km_tab_not_available":"No Key Moments added yet","key_moment_load_less":"Load Less","key_moment_load_more":"Load More","key_moment_now_playing":"NOW PLAYING","key_moment_sc_tab_not_available":"Scorecard not available","kids_overlay":"KIDS","LISTING_HEADER":"Top 100 Oscar Winners","LIVE":"LIVE","LIVE_NOW_EVENT_ACTION":"Live-Now Thumbnail Click","LIVE_NOW_EVENT_CLICK":"live-NOW_thumabnail_click","LOADIND_DATA":"loading.....","last_logged_in":"Last logged in:","last_step":"\u003cb\u003eLast Step! \u003c/b\u003e To update your profile with email address, simply verify your existing mobile number by tapping ‘Send OTP’ below to receive your OTP on SMS","legal_policies":"Legal \u0026 Policies","like":"Like","like_toast":"Thanks for your feedback","link_email_txt":"Please link your email address to continue using your account","liv_spl_pack_content_msg":"The content is exclusive for LIV special users.","LIVE_EP_END":"LIVE Episode has ended","live_match_ended":"Live match has ended!","live_score_notification_dismiss_cta":"Dismiss","live_score_notification_watch_cta":"Watch Now","logged_out_concurrency":"It seems you have been logged out from the device from account $$MASKED_MOBILE_NO. /n Login and Upgrade your plan to avoid this in future.","login_account_exists_error":"Account already exists with this mobile number. Please login with the same mobile number","login_concurreny_signin":"You have successfully signed in with $$MOBILE_NO","login_device_limit":"This account has reached its device limit and was logged out from another device","login_link_contextual_continue_cta":"Continue","login_link_contextual_enter_mobile":"Enter your Mobile Number","login_link_contextual_info":"Link your mobile number to continue watching this video","login_link_contextual_title":"Link your Mobile Number","login_link_mobile_number_continue":"Continue","login_link_mobile_number_enter":"Enter your Mobile Number","login_link_mobile_number_msg":"Please link your new mobile number to continue","login_link_mobile_number_or_existing_user_logout":"Logout \u0026 Continue as Guest","login_link_mobile_number_or_label":"Or","login_link_mobile_number_playback_msg":"Please link your mobile number to continue watching this video","login_link_mobile_number_skip":"Skip","login_link_mobile_number_title":"Link Mobile Number","login_new_account_email_error":"New account can’t be created using email. Please enter your mobile number instead.","login_new_account_email_social_error":"New account can not be created using email/Google/Facebook. Please use your mobile number to create a new account.","login_new_account_error_title":"New to Sony LIV?","login_signin_email_button_cta":"Email","login_signin_email_social_button_cta":"Email or Social Account","login_signin_email_social_continue_cta":"Continue","login_signin_email_social_enter_email":"Enter your Email Id","login_signin_email_social_link_cta":"Already registered with email or Google/Facebook?","login_signin_email_social_or":"Or sign in with","login_signin_email_social_skip":"Skip","login_signin_email_social_title":"Continue with Email or Social","login_signin_email_title":"Continue with Email","login_signin_enter_mobile":"Enter your Mobile Number","login_signin_mobile_continue":"Continue","login_signin_mobile_skip":"Skip","login_signin_mobile_title":"Sign in with Mobile","login_signin_or_label":"Or","login_signin_playback_msg":"Register on Sony LIV or sign in into your existing account to watch this video","login_signin_skip":"Skip","login_signin_title":"Sign in to continue","login_verify_email_continue":"Sign In","login_verify_email_enter_digit":"Enter the $$Digit digit OTP sent to","login_verify_email_existing_user_logout":"Logout \u0026 Continue as Guest","login_verify_email_masked_mobile_continue":"Continue","login_verify_email_masked_mobile_enter_digit":"Enter the $$Digit digit OTP sent to","login_verify_email_masked_mobile_existing_user_logout":"Logout \u0026 Continue as Guest","login_verify_email_masked_mobile_msg":"Please validate the mobile number linked to this account","login_verify_email_masked_mobile_or_label":"Or","login_verify_email_masked_mobile_playback_msg":"Please authenticate your mobile number to continue watching this video","login_verify_email_masked_mobile_resend_otp":"Resend OTP","login_verify_email_masked_mobile_resend_otp_timer":"Resend OTP in $$TIMER","login_verify_email_masked_mobile_title":"Verify by OTP","login_verify_email_mobile_notinuse_continue":"Continue","login_verify_email_mobile_notinuse_enter_digit":"We have sent $$Digit digit OTP to","login_verify_email_mobile_notinuse_existing_user_logout":"Logout \u0026 Continue as Guest","login_verify_email_mobile_notinuse_msg":"Please validate OTP to continue","login_verify_email_mobile_notinuse_or_label":"Or","login_verify_email_mobile_notinuse_resend_otp":"Resend OTP","login_verify_email_mobile_notinuse_resend_otp_timer":"Resend OTP in $$TIMER","login_verify_email_mobile_notinuse_title":"Verify by OTP","login_verify_email_or_label":"Or","login_verify_email_resend_otp":"Resend OTP","login_verify_email_resend_otp_timer":"Resend OTP in $$TIMER","login_verify_email_title":"Verify by OTP","login_verify_mobile_continue":"Continue","login_verify_mobile_enter_digit":"Enter the $$Digit digit OTP sent to","login_verify_mobile_existing_user_logout":"Logout \u0026 Continue as Guest","login_verify_mobile_or_label":"Or","login_verify_mobile_resend_otp":"Resend OTP","login_verify_mobile_resend_otp_timer":"Resend OTP in $$TIMER","login_verify_mobile_title":"Verify by OTP","lwa_login_failure":"Login Failed","lwa_login_popup_description":"Hi ! Welcome to Sony LIV. To watch your favorite shows, movies and sports, sign up using Login with Amazon.","lwa_login_popup_title":"Subscribe using Amazon","lwa_login_popup_title2":"Login using Amazon","lwa_login_success":"Login Successful","lwa_signin_consent_deny_desc":"Profile information is required to create new account.","lwa_signin_consent_deny_ok_cta":"Okay","lwa_signin_consent_deny_title":"Account Creation Failed!","lwa_signin_failure":"Sign in Failed","lwa_signin_success":"Sign in Successful","MALE":"Male","MAST_HEAD_CLICK":"Mast Head Click","MINIMUM":"Minimum 8 characters, with alphanumeric combination","MOBILE_CONTINUE_CLICK_LABEL":"Mobile Verification Continue Click","MOBILE_ERR_MSG":"Invalid mobile number","MOBILEERROR":"Number is not valid!","MOBILE_EVENT_ACTION":"Mobile Number","MOBILE_NUMBER":"Mobile Number","MOBILE_NUM_INPUT":"Enter your mobile number","MOBILE_OTP_ENTER":"mobile_verification_OTP_enter","MOBILE_OTP_ENTER_LABEL":"Mobile Verification Enter OTP","MOBILE_RESEND_OTP_LABEL":"Mobile Verification Resend OTP","MOBILE_SIGN_IN":"Sign In / Profiles","MOBILE_SIGN_IN_PAGE_NAME":"Sign In Mobile","MOBILE_VERIFICATION_CONTINUE":"mobile_verification_continue","MOBILE_VERIFICATION_PROCEED":"mobile_verification_proceed","MORE_EPISODES":"More Episodes","MY_ACCOUNT":"My Account","MY_Account_PAGE":"my_account","MYLIST":"Mylist","MYLIST_ERROR_MSG":"Nothing in your mylist","MY_PURCHASE_ACTION":"My Purchase Click","MY_PURCHASE_CLICK":"my_purchase_click","MY_PURCHASE_SIGN_OUT_ACTION":"Sign Out Proceed","MY_PURCHASE_SIGN_OUT_CATEGORY":"Sign Out","MY_PURCHASE_SIGN_OUT_CLICK":"sign_out","MY_PURCHASE_SUBCRIPTION_CATEGORY":"Subscription","MY_Purchases_PAGE":"my_purchases","migration_consent_error_message":"Something Went Wrong. Please try later.","migration_consent_knowmore_msg":"Would you like to proceed further?","migration_consent_knowmore_opt_in_cta":"Yes","migration_consent_knowmore_opt_out_cta":"No","migration_consent_knowmore_remind_later_cta":"Remind Later","migration_consent_opt_in_error_msg":"Please try later","migration_consent_opt_in_thankyou_btnlabel":"Liv it Up!","migration_consent_opt_in_thankyou_title":"Thank you for the confirmation!","migration_consent_opt_out_cancellation_reason_dropdown":"Select a reason","migration_consent_opt_out_cancellation_reason_line1":"Please give us your feedback!","migration_consent_opt_out_cancellation_reason_submit":"Submit","migration_consent_opt_out_cancellation_reason_textbox":"Type in details here","migration_consent_opt_out_cancellation_reason_title":"We are sorry to see you go!","migration_consent_opt_out_cancellation_success":"Feedback Submitted Successfully","migration_consent_opt_out_popup_cancel":"No, Go back","migration_consent_opt_out_popup_line1":"Are you sure you wish to discontinue?","migration_consent_opt_out_popup_line2":"This will terminate your Sony LIV subscription on .","migration_consent_opt_out_popup_line3":"Would you like to Proceed?","migration_consent_opt_out_popup_ok":"Yes, Continue","migration_consent_popup_confirm_cta":"Yes","migration_consent_popup_confirmationmsg":"Would you like to Proceed?","migration_consent_popup_knowmore":"Know More","migration_consent_popup_title":"All New Sony LIV: We keeps getting Bigger!","minutes_remaining":"minutes remaining","mobile_authentication_activate_tv_nav_nav_title":"Activate TV","mobile_authentication_activation_qr_code_detected_msg":"QR Code Detected","mobile_authentication_activation_qr_code_error_msg":"There was an error scanning the QR code. Please try again.","mobile_authentication_activation_success_msg":"You have successfully signed in on your TV","mobile_authentication_invalid_code_error":"Invalid/Expired Activation Code","mobile_authentication_qr_code_expired_error":"Invalid/Expired QR Code","mobile_authentication_scan_qr_code_nav_title":"Scan QR Code","mobile_enter_activating_tv_text":"Activating TV please wait ...","mobile_error":"Mobile number is already registered. Please try a different one","mobile_signin_for_email_otp":"Sign in via mobile number","mobile_to_tv":"Mobile to TV sync","mobile_updated":"Mobile number updated successfully","mostliked":"Most Liked","multi_languages_tv":"Watch this in $$LANGUAGES audio","multi_profile_adults":"Adults","multi_profile_kids":"Kids","multi_profile_menu_add":"Add Profile","multi_profile_menu_manage":"Manage Profiles","My_account":"My account","mylist_remove":"Remove from $$TAB_NAME","mylist_share":"Share","my_purchase_active_header":"Active Subscriptions","my_purchase_active_subscription":"Active Subscriptions","my_purchase_cancel":"Unsubscribe","my_purchase_cancel_cta":"Cancel","my_purchase_download":"Download Invoice","my_purchase_download_invoice":"Download Invoice","my_purchase_expired_header":"Expired Subscriptions","my_purchase_expired_on":"Expired On:","my_purchase_expired_subscription":"Expired Subscriptions","my_purchase_expires_on":"Expires on","my_purchase_ft_expires":"Pack Expires On","my_purchase_ft_expiry_date":"Trial Expiry Date","my_purchase_ft_pack_duration":"Pack Duration","my_purchase_header":"My Purchases","my_purchase_pack_duration":"Pack Duration:","my_purchase_renew_now_cta":"Renew Now","my_purchase_renews_on":"Renews On:","my_purchase_subscribe_cta":"Subscribe","my_purchase_unsubscribe_cta":"Unsubscribe","my_purchase_upgrade":"Upgrade Now","my_purchase_upgrade_now_cta":"Upgrade Now","My_Purchases":"My Purchases","MY_LIST":"My List","mylist_added":"Added to My List","mylist_error_msg":"Nothing in your My List","mylist_heading":"My List","mylist_removed":"Removed from My List","NAME":"Name","NAMEERROR":"Profile name should have a minimum of 3 characters","NAV_ID_HOME":"nav_home","NAVIGATION_EVENT_ACTION":"Navigation Menu Click","NAVIGATION_EVENT_CATEGARY":"Navigation","NAVIGATION_MENU_CLICK":"navigation_menu_click","NETWORK":"Network","NEW_SONY_LIV":"New to Sony LIV?","NON_SUBSCRIPTION_STATUS":"Nonsubscribed","NOT_FOUND":"Not found","NOTIFICATION":"Notification","NOW_PLAYING":"Now Playing","NUM_OF_EPISODES":"No. of episodes","NUM_OF_SEASONS":"No. of seasons","netbank_all_banks":"All Banks","netbank_popular_banks":"Popular banks","netbank_select_bank":"Select a bank","network_connection_required_txt":"A network connection is required to subscribe","network_failure":"{ \"retry\": \"Yes\", \"title\": \"Playback Error\", \"description\": \"Please check your internet connection\" }","new_payment_card_cvv":"CVV","new_payment_card_expiry":"EXPIRY","new_payment_card_expiry_MM":"MM","new_payment_card_expiry_YY":"YY","new_payment_card_no":"CARD NUMBER","new_payment_card_title":"ENTER YOUR CARD DETAILS","new_payment_card_with_name_default_cvv_desc":"CVV is Last 3 digits printed on the back of the card.","new_payment_card_without_name_default_cvv_desc":"3 digits CVV on the back of the card.","new_payment_error_card_number":"Please enter valid card number","new_payment_error_default_cvv":"Please enter valid CVV","new_payment_error_digit_cvv":"Please enter valid $$cvvDigit digit CVV","new_payment_error_expiry":"Please enter valid expiry","new_payment_error_month":"Please enter valid month of expiry","new_payment_error_year":"Please enter valid year of expiry","new_payment_heading":"Payment","new_payment_nb_choose_bank":"Choose a Bank","new_payment_nb_more_bank":"More","new_payment_nb_recurriing":"Amount will be automatically deducted from your account every month.","new_payment_nb_search_watermark_text":"Search here","new_payment_nb_title":"Pay using netbanking","new_payment_offer_faq":"FAQs","new_payment_offer_tnc":"Terms and conditions","new_payment_other_banks":"Other Banks","new_payment_proceed":"Proceed to Pay","new_payment_proceed_desktop":"Pay $$Value","new_payment_saved_payment":"SELECT SAVED PAYMENT","new_payment_secure":"100% Secure","new_payment_show_less":"SHOW LESS","new_payment_show_more":"SHOW MORE","new_payment_total":"Pay Total","new_payment_upi_add_upiId":"Add New UPI ID","new_payment_upi_enter_id":"Enter UPI ID","new_payment_upi_enter_upi_wmark_desktop":"someone@abc","new_payment_upi_enter_upi_wmark_mobile":"Enter your Registered VPA","new_payment_upi_enter_vpa":"Enter your VPA","new_payment_upi_error":"Incorrect UPI ID","new_payment_upi_how_it_works":"HOW IT WORKS?","new_payment_upi_less":"Less","new_payment_upi_more":"More","new_payment_upi_proceed":"Verify and Pay $$Value","new_payment_upi_processing_cancel":"CANCEL PAYMENT","new_payment_upi_processing_cancel_popup_desc":"On cancelling the payment, the payment request will get cancelled only if you have not completed the payment on UPI Bank app.","new_payment_upi_processing_cancel_popup_no_cta":"No","new_payment_upi_processing_cancel_popup_title":"Are you sure you want to cancel payment?","new_payment_upi_processing_cancel_popup_yes_cta":"Yes, Cancel","new_payment_upi_processing_disclaimer":"*Do not refresh or close this page as your payment is in progress.","new_payment_upi_processing_heading":"UPI Verified \u0026 Payment request sent to UPI app for $$UPI_ID","new_payment_upi_processing_mins":"mins","new_payment_upi_processing_note":"Please approve the payment request before it times out.","new_payment_upi_processing_title":"Open your UPI App to approve the payment request.","new_payment_upi_save_vpa":"Save securely for faster checkout","new_payment_upi_txn_failed_desc":"Any amount deducted will be refunded within 2-4 days.","new_payment_upi_txn_failed_title":"Transaction Failed","new_payment_upi_txn_failed_try_again_cta":"Try again","new_payment_upi_txn_failed_try_others_cta":"Try Others","new_payment_wallet_enter_code":"Enter code sent to $$Number","new_payment_wallet_link":"LINK \u0026 PAY","new_payment_wallet_link_success":"$$Wallet linked successfully","new_payment_wallet_mobile_no":"Registered Mobile Number","new_payment_wallet_mobile_no_error":"* Please enter a valid Mobile Number","new_payment_wallet_note":"*If you don’t have an account, we’ll help you create one.","new_payment_wallet_resend_code":"Send Code","new_payment_wallet_resend_code_timer":"Resend code in $$Timer","new_payment_wallet_send_code":"Send Code","new_user_email_login":"Oops! Below mobile number is not registered with us","new_user_email_login_info":"\u003cb\u003eHeads up!\u003c/b\u003e We’ve switched to sign up using email address for better security. Simply tap below to sign up with email address","no_email_access":"Don’t have access to email address?","no_free_preview_for_chromecast":"Free preview content cannot be casted","no_internet_connect_available_title":"No Network Connection","no_plans":"No Plans to Compare","not_able_to_signin":"Not able to login?","NOT_SUBSCRIBED":"Not Subscribed","Nothing":"Nothing is available","OFFLINE":"Offline","ONLINE":"Online","OR":"Or","OTHER":"Other","OTP_VERIFY_ERROR":"OTP_verify_error","Offers":"Offers","okay":"Okay","on_failure":"onFailure","SIMULCAST_onGoLive":"Go to Latest","otp_email_mobile_text":"Enter the OTP sent to xxxx linked with","otp_social_error":"Please add Mobile/Email in My Account for OTP generation.","otp_social_error_cta":"Ok","over_ad_counter_msg":"back soon...","PAGE_AUTOPLAY_LANDSCAPE":"AutoplayLandscapeGrid","PAGE_AYTOPLAY_VERTICLE":"AutoplayVertcleGrid","PAGE_VIEW":"pageview_manual","PASSWORD":"Password","PASSWORD_MISMATCH_ERROR":"Password and Confirm Password does not match","PASSWORD_RECOVERY_CHECK":"Don’t forget to check your junk emails","PASSWORD_RECOVERY_MESSAGE":"We have sent an 4 digit PIN to","PASSWORD_UPDATE_MESSAGE":"Updated your password","PLAY_NOW":"Play Now","POPUP_CANCEL_BUTTON":"No","POPUP_CONTENT":"Do you want to delete?","POPUP_HEADER":"Confirmation Popup","POPUP_SUBMIT_BUTTON":"Yes","PREMIUM_CONTENT":"Premium Content","PREMIUM_USER":"Premium User","PREMIUM_VIDEO_THUMBNAIL_CLICK":"premium_video_thumbnail_click","PRIVACY_POLICY":"Privacy Policy","PROCEED":"Proceed","PROFILE":"PROFILE","PROMOTION":"Promotion","pack_comparison_compare_plans":"Compare Plans","pack_comparison_current_plan":"CURRENT PLAN","pack_comparison_error_msg":"Plans are not available to compare.","pack_comparison_proceed":"Proceed to Payment","pack_comparison_upgrade_info":"Payable amount is calculated by deducting the balance of your existing pack","partner_disabled_add_profile_msg":"Add profile will not be support","partner_disabled_edit_profile_msg":"Edit profile will not be support","partner_sso_no_btn":"No, Continue using same number","partner_sso_text_below_no":"It will keep you logged in with your existing account","partner_sso_text_below_yes":"It will logout your existing session and log in with a new account","partner_sso_yes_btn":"Yes, Switch Account and Continue","partner_sso_fail_msg":"Login Failed - Please try again, $$API_ERROR_MSG","partner_user_mismatch_msg":"Looks like not signed in $$PARTNER with registered number in sony LIV app","pay_by_mobile":"Pay By Mobile","payment_amazing_new_content":"Get Amazing new content for the Best Value!","payment_applied":"Applied","payment_apply":"Apply","payment_avail_offers":"Avail great offers","payment_cards":"Credit, Debit and ATM Cards","payment_coupon_enter":"Have a coupon code? Enter here","payment_enter_coupon":"Enter Coupon Code or Checkout Offers","payment_enter_upi":"ENTER YOUR UPI ID","payment_error_card_number":"Please enter valid card number","payment_error_default_cvv":"Please enter valid CVV","payment_error_digit_cvv":"Please enter valid $$cvvDigit digit CVV","payment_error_expiry":"Please enter valid expiry","payment_error_month":"Please enter valid month of expiry","payment_error_year":"Please enter valid year of expiry","payment_failed_copied":"Copied","payment_failed_copy":"COPY","payment_failed_cta":"Try another method","payment_failed_off_session_cta":"Retry Payment","payment_failed_title":"Payment Failed!","payment_failure":"Payment is failure","payment_failure_cta":"Try Again","payment_failure_desc":"Your subscription is not yet active.","payment_failure_iap_reason":"Error! We haven\u0027t received payment confirmation yet.","payment_failure_label":"Oops!","payment_failure_note":"Note - If your order has failed, any amount debited will be auto-refunded in 5 working days.","payment_failure_text":"Something went wrong with the payment","payment_feedback_success":"Feedback Submitted Successfully","payment_in_progress_cta":"Cancel and Retry","payment_in_progress_desc":"Please wait while we are processing your payment.","payment_in_progress_label":"In Progress","payment_in_progress_subtxt":"Its taking longer than usual?","payment_in_progress_text":"Please wait while we are processing your payment.","payment_in_progress_title":"Payment in Progress…","payment_netbank":"Netbanking","payment_playstore":"Google Play Store","payment_premium_membership":"It seems you are not a Premium member. Please get a premium membership.","payment_processing_cta":"Retry Now","payment_processing_desc":"We are still trying to confirm your payment, meanwhile you can retry the transaction. Be assured in case of double charge, we will issue a refund instantly.","payment_processing_title":"Payment not yet confirmed!","payment_screen_card_cardnumber":"Card Number","payment_screen_card_cvv":"CVV","payment_screen_card_expiry":"Expiry","payment_screen_card_info":"You will be charged $$CURRENCYSYMBOL$$PRICE now and after every $$DURATION","payment_screen_card_name":"Name on the card","payment_screen_card_redirect":"You will be taken to the Partner processing / bank page for OTP input to keep your account secured","payment_screen_card_save_info":"Your card details will be saved to give you a hassle free auto renewal","payment_screen_card_submit":"Submit","payment_screen_heading":"Payment","payment_screen_mode_title":"Pay by $$MODE","payment_screen_nb_all_banks":"All banks","payment_screen_nb_continue":"PAY $$CURRENCYSYMBOL$$PRICE","payment_screen_nb_popular_bank":"Popular banks","payment_screen_nb_select_bank":"Select a bank","payment_screen_not_applicable_pg":"Payment mode is not applicable","payment_screen_upi_continue":"PAY $$CURRENCYSYMBOL$$PRICE","payment_screen_upi_enter":"Enter UPI ID","payment_screen_upi_other":"Other UPIs","payment_success":"Payment is Success","payment_success_b2b_free_label":"Free for","payment_success_continue_watching_resume_cta":"Resume","payment_success_continue_watching_title":"Continue Watching","payment_success_continue_watching_watchnow_cta":"Watch Now","payment_success_cta":"Go to Home","payment_success_heading":"YOUR SUBSCRIPTION DETAILS","payment_success_info":"You have made the right choice of entertainment!","payment_success_liv_it_up":"Liv it up!","payment_success_msg":"Your plan $$SKUTITLE is successfully activated! If referral coupon code is used, then check the revised validity from \u0027My account \u003e My Purchases tab\u0027","payment_success_off_session_cta":"Okay","payment_success_plan_expires":"Plan Expires:","payment_success_recurring_info":"You will be charged $$CURRENCYSYMBOL$$PRICE every $$DURATION","payment_success_title":"Congratulations!","payment_sucess_coupon_applied":"Coupon Applied: $$COUPON_CODE","payment_upi":"UPI","payment_use":"Use","payment_wallets":"Wallets","pc_change_setting_info":"You can change this setting anytime from your app settings.","pc_confirm_pin":"Confirm 4 digit PIN","pc_cta":"Submit","pc_disable_screen_text":"You have no more $$Kids profile in your account.","pc_disable_screen_text_kids":"Kids","pc_disable_screen_title":"Disable Parental PIN?","pc_disable_text":"Disable","pc_disabled_success":"Parental PIN disabled","pc_enable_text":"Enable","pc_mandatory_continue_cta":"Go Back","pc_mandatory_msg":"Parental control is mandatory with kid\u0027s profile","pc_not_set_default_error":"You are not authorized to proceed further.","pc_not_set_playback_error":"You are not authorized to watch this video","pc_pin_error":"Pin and Confirm Pin should not be different","pc_pin_mandatory_msg":"Parental PIN is mandatory for a kids profile. Please set up your parental PIN.","pc_set_pin":"Set up a 4 digit PIN that will be asked while using any non Kids profile.","pc_title":"Parental Control","peeking_episodes_tray_name":"More Episodes","pip_already_enabled":"PIP Mode is already enabled","pip_label":"Picture in Picture mode","plans_screen_apply":"Apply","plans_screen_auto_renewal_pack":"You already have Subscription","plans_screen_compare_plans_cta":"Compare Plans","plans_screen_coupon_code_title":"Do you have a Coupon Code?","plans_screen_enter_coupon":"Enter the code","plans_screen_heading":"Select your Plan","plans_screen_manual_coupon_apply_cta":"Apply","plans_screen_manual_coupon_cancel_cta":"Cancel","plans_screen_manual_coupon_code":"Enter Code manually","plans_screen_manual_coupon_enter_coupon_code":"Enter the code here","plans_screen_manual_coupon_heading":"Coupon Code","plans_screen_not_eligible_pack":"You are not eligible to purchase the pack.","plans_screen_offer_change":"Change","plans_screen_offer_not_appli":"Offer not applicable","plans_screen_offer_wall_error":"Offer Wall is not available","plans_screen_promotion_api_error":"Offer is not available now. Please try after sometime.","plans_screen_promotion_not_eligible_error":"You are not eligible to avail the coupon","plans_screen_signin_cta":"Sign In","plans_screen_view_offers":"View Offers","play_again_text":"Watch Again","play_from_beginning_text":"Play from Beginning","play_from_episode_beginning_text":"Play Episode from Beginning","playback_api_failure_message":"Uh oh! Looks like something is not right. Please try again.","SIMULCAST_onPlayer":"STREAMING","policy_upgrade_info_others":"Policy: Your upgrade will start post payment confirmation. The net payable amount is calculated by deducting the balance on your existing pack from the price of the new pack. Kindly refer $$Terms$$ for more details.","policy_upgrade_info_store":"Your upgrade will start post confirmation. You will receive a refund for the remainder value of your current subscription. Kindly refer $$Terms$$ for more details.","pooling":"Pooling","premium_pack_content_msg":"The content is exclusive for Premium users.","privacy_consent_screen":"Privacy Consent Screen","privacy_notice":"Privacy Notice","privacy_notice_text":"$$PRIVACY_NOTICE","privacy_policy_accept_cta":"Accept","privacy_policy_consent":"I have hereby read the above Privacy Policy","privacy_policy_deny_cta":"Don’t Accept \u0026 Close App","privacy_policy_dont_accept":"![CDATA[Don’t Accept \u0026 Close App]]","Privacy_Policy_PAGE":"privacy_policy","privacy_policy_title":"Privacy Policy","proceed_payment":"Please proceed with payment to watch some amazing videos","product_list_available_coupons":"Available Coupons","product_list_yearly":"Yearly","profile_editadd_nosupport_msg":"Not Supported","profile_kids_not_authorized":"You are not authorized to watch this.","profile_kids_not_available_content":"This content is not available for your profile","profile_pc_cta":"Get In","profile_pc_disable_pin":"Disable PIN","profile_pc_disable_pin_cta":"Disable PIN","profile_pc_enter_pin":"Enter 4 Digit Parental Control PIN","profile_pc_forgot_pin":"Forgot PIN?","profile_pc_forgot_pin_appletv":"Forgot PIN? Reset on App/Web","profile_pc_title":"Enter PIN to proceed","profile_settings_add_profile":"Add Profile","profile_settings_done":"Done","profile_settings_edit":"Edit","profile_settings_manage_profile":"Manage Profiles","profile_settings_setup_message":"You can setup up to $$PROFILES for your family or friends.","profile_settings_title":"Manage Profiles","profile_setup_pc_confirm_pin":"Confirm PIN","profile_setup_pc_cta":"Submit","profile_setup_pc_enter_pin":"Enter PIN","profile_setup_pc_pin_mandatory_title":"Parental PIN is mandatory to setup kids profile. Please set up your PIN","profile_setup_pc_pin_match_error":"PIN doesn\u0027t match","profile_setup_verify_pc_cta":"Submit","profile_setup_verify_pc_enter_pin":"Enter 4 Digit Parental Control PIN","profile_setup_verify_pc_forgot_link":"Forgot PIN?","profile_setup_verify_pc_pin_error":"Incorrect PIN","profile_setup_verify_pc_title":"Enter Parental PIN","promotionid_error":"Bank offer is not applicable for this pack","purchase_success":"Purchase Success with Token %s","qr":"QR","RECOVER_PASSWORD":"Recover password","REGISTERED":"registered","REQUEST_MESSAGE":"Please check your internet and try again","RESEND_OTP":"Resend OTP","RESEND_OTP_EVENT":"mobile_verification_OTP_resend","RETRY_BUTTON":"Try Again","rate":"Rate","rating_model_header":"We\u0027d love to hear your feedback","rating_recotext_detailscreen":"We think you\u0027ll love this","rating_subtext":"Rate your favourite shows and movies to help us show you better recommendation.","reapply":"Reapply","receive_call_shortly":"You will be receiving an OTP on call shortly","receive_sms_shortly":"You will be receiving an OTP on SMS shortly","referral_code_not_applicable":"Referral Code is not available.","referral_popup_copy":"COPY","referral_popup_copy_click":"Referral Code Copied","referral_popup_copy_link_click":"Referral Code Copied","referral_popup_invite_friends":"Invite Friends via","referral_tnc_heading":"Terms and Conditions","reminder_modal_text":"You will need Premium subscription to watch the original you have set reminder to. Until then, become a premium member and watch similar Originals and much more…","reminder_modal_title":"Reminder set, but why wait?","reminders_empty_subtitle":"Set reminders! Keep your watchlist updated for the latest releases.","reminders_empty_title":"Nothing to show here...","remove":"Remove","remove_offer":"removeOffer","renew_message":"Your Drm content has expired. Renew?","renew_on":"Pack Renews on","renewal_floating_card_copy":"Copy","renewal_floating_card_copy_toast":"Coupon code copied!","renewal_floating_card_remind_later_cta":"Remind Me Later","Renewnow":"Renew Now","report_error_fill_mandatory_fields":"Please fill all the mandatory fields before submitting","report_issue":"Report an Issue","resend_link":"ResendLinkFragment bundle mobileNumber","RESEND_TITLE":"Resend OTP","reset_cta":"Reset","restore_account_title":"Restore account?","restore_popup_desc":"You\u0027ve raised a request for deleting this account. By proceeding to payment, your deletion request will be cancelled and your account will remain active.","retrying":"Something went wrong. Retrying..","rupee_symbol":"₹","SEARCH":"Search","SECURE_MESSAGE":"Secure your access with your mobile number","SET_NEW_PASSWORD":"Set new password","SET_REMINDER":"Set Reminder","SETTINGPREFERNCES":"Settings \u0026 Preferences","SETTING_PREFERNCES_PAGE":"Setting Preference","SHARE":"share","SIGNED_IN":"signed in","SIGN_IN_EVENT_ACTION":"Sign In","SIGN_IN_EVENT_CATEGARY":"Sign In","SIGN_IN_MSG":"You have successfully","SIGN_IN_SUCCESS":"sign_in_success","SIGN_IN_SUCCESS_ACTION":"Sign In - Success","SIGN_IN_SUCCESS_MSG":"You have successfully signed in with","SIGN_IN_TO_CONTINUE":"Sign in to continue","SIGNOUT":"Sign Out","SIGNOUT_GA_ACTION":"Sign Out Proceed","SIGN_OUT_SUCCESS":"You are now signed out","SOCIAL_SIGN_IN":"social_sign_in","SPACE_CHAR":"No space Character","SPECIAL":"Must have 1 special character from \u0027!@$%\u0026_\u0027 only","SUBSCRIBED_TO":"Subscribed to","SUBSCRIPTION":"Subscription","SUBSCRIPTION_COUPON_CODE_SELECT":"subscription_coupon_code_select","SUBSCRIPTION_OFFER_CLICK":"subscription_offer_click","SUBSCRIPTION_PROCEED_CLICK":"subscription_proceed_click","SUBSCRIPTION_SIGN_IN_CLICK":"subscription_sign_in_click","SUBSCRIPTION_STATUS":"Subscribed","SUBTITLES":"Subtitles","samsung_user_access_error":"User can enter Sony LIV environment only if he is a signed user","gdpr_payment_form_save":"We have saved your information.","scan_and_pay":"Scan And Pay","scan_message":"Please scan the below UPI code using G-Pay, Phone Pe, Paytm, BHIM or any other UPI app","Search":"Search","search_back":"Back to search","search_clear_all":"Clear All","search_episodes_label":"Episodes","search_exact_match_renew":"Renew","search_exact_match_resume":"Resume","search_exact_match_subscribe":"Subscribe Now","search_exact_match_upgrade":"Upgrade","search_exact_match_watch":"Watch Now","search_filter_by":"Filter By:","search_help_text":"Type your search here","search_load_more":"Load More","search_no_result":"Sorry! Couldn’t find any results matching ‘$$TITLE’","search_recent_title":"Recent Searches","search_season_label":"Season","search_view_all_results":"Search Results","search_watermark_text":"Search for movies, shows, sports etc.","seconds_remaining":"seconds remaining","send_mobile_otp":"Send OTP to mobile number","settings_applied":"$$SETTING applied to the current session","settings_content_language_default_text":"Get Started","settings_content_language_desc":"Select your preferred content languages","settings_content_language_done_cta":"Save","settings_content_language_title":"Get better suggestions","settings_support":"Settings \u0026 Support","sign_in":"Sign in","SIGN_OUT":"Sign Out","signed_in_with_apple":"Signed in with Apple ID","signin_desc":"Sign in to Sony Liv app \\n to continue with the experience","signin_intervention_cta_text":"SIGN IN","signin_mobile_number":"Mobile number","signin_screen_enter_otp":"Enter the $$Digit digit OTP","skip_credit_text_nextepisode":"Next Episode","skip_credit_text_nextmovie":"Playing Next","social_desc":"Link your Social Account \\n to continue with the experience","social_intervention_cta_text":"CONTINUE","something_went_wrong":"Something went wrong","Sony":"Sony","sony_access":"Trying to access Sony LIV?","sony_originals_tag":"Sony LIV Originals","sony_privacy":"I agree to Sony LIV’s  0020 Privacy Policy","sony_text":"Sign in to LIV and watch amazing Movies, TV shows and much more.  Anytime, anywhere!","stream_concurrency_close_cta":"Close","stream_concurrency_line1":"The video is already being watched on other device(s) with your login","stream_concurrency_line2":"Please stop the video on other device to start watching here","stream_concurrency_msg":"As a $$CURRENT_PACK you can watch only on $$MAX_SCREEN devices at the same time. /n Please go to Device Management under My Accounts to manage your devices","stream_concurrency_msg_upgrade":"As a $$CURRENT_PACK you can watch only on $$MAX_SCREEN devices at the same time. /n Please go to Device Management under My Accounts to manage your devices","stream_concurrency_tryagain_cta":"Try again","streaming":"Streaming","street_address":"Street Address","sub_intervention":"Subscribe Now","submit_again_title":"Submit Again","subscribe":"Subscribe","subscribe_txt":"Subscribe","subscribed":"You Already Have Subscription for This pack","subscription_charged":"You will be charged $$Currency $$Amount after $$ExpDate","subscription_error_heading":"Oops!","subscription_error_ok_cta":"Ok","Subscription_Intervention_account_linked":"You have successfully signed in on your TV with account linked to","subscription_liv_it_up":"LIV it up!","subscription_plans_already_subscribed":"Already Subscribed?","subscription_plans_coupon_applied":"Coupon Applied","subscription_plans_offers":"Offers","subscription_plans_proceed":"Proceed","subscription_plans_signin":"Sign In","subscription_steps_step1_plans":"Plans","subscription_steps_step2_signin":"Sign In","subscription_steps_step3_pay":"Pay","subscription_steps_step4_watch":"Watch","subtitle_cc":"(CC)","success_payment_booster":"Congrats, you have now subscribed.  Happy binging!","success_subscription_details":"Your subscription details","support_chat":"Support and Chat","TERMS_OF_USE":"Terms of Use","THUMBNAIL_EVENT_ACTION":"Thumbnail Click","TODAY":"Today","termofuse_audio_video_quality":"HD(720p), Full HD(1080p), Ultra HD(4K), HDR, Dolby Vision and Dolby Atmos availability subject to internet service and device capabilities. /n Please note that not all content is available in all qualities and resolutions. /n CC - Closed Caption. /n AD - Audio Description. /n Click on $$TERMOFUSE for more details.","terms":"$$Terms$$","TERMS_AND_CON":"T\u0026Cs","terms_and_condition":"Terms \u0026 Conditions","Terms_And_Conditions_PAGE":"terms_and_conditions","terms_of_use_text":"$$TERMS_OF_USE","timeout":"timeout","to_get":"to get","tool_tip_fast_forward_msg":"Press and hold to fast forward","tool_tip_fast_rewind_msg":"Press and hold to fast rewind","tracking_consent_txt":"I allow Sony LIV to share the personal data with third party applications","tray_more_card_text":"More","try_again_error_msg":"Try Again","try_another_email":"Try another email address","tv_authentication_activation_error":"Unable to generate Activation Code","tv_authentication_android_text":"Please \u003cspan style\u003d\"color:#ffffff\"\u003eSign In\u003c/span\u003e and \u003cspan style\u003d\"color:#ffffff\"\u003eSelect Profile \u003c/span\u003e to continue","tv_authentication_description_line1":"To watch unlimited premium content on your TV, Go to","tv_authentication_description_line1_go_to":"Go to","tv_authentication_enter_code":"Enter below code","tv_authentication_generate_again_cta":"Generate Again","tv_authentication_link_option1":"Sony LIV app $$ARROW Menu $$ARROW Activate TV","tv_authentication_link_option1_v2":"Sony LIV app $$ARROW Menu $$ARROW Activate TV $$ARROW Sign In $$ARROW Select Profile","tv_authentication_link_option2":"sonyliv.com/activate","tv_authentication_link_option2_v2":"sonyliv.com/activate $$ARROW Sign In $$ARROW Select Profile","tv_authentication_link_option_or":"or","tv_authentication_login_option_or":"OR","tv_authentication_text":"\u003cp style\u003d\"color:#AAAAAA\"\u003ePlease \u003cb style\u003d\"color:#ffffff\"\u003eSign In \u003c/b\u003e and \u003cb style\u003d\"color:#ffffff\"\u003eSelect Profile\u003c/b\u003e to continue\u003c/p\u003e","tv_authentication_valid_till":"Valid for $$TIMER","tv_menu_create_profile":"Create Profile","tv_menu_manage_profile":"Manage Profile","tv_menu_signin":"Signin","tv_menu_switch_profile":"Switch Profile","tvshow_details_desc_collapse":"Less","tvshow_details_desc_expand":"More","tvshow_details_episodes":"Episodes","tvshow_details_list_cta":"My List","tvshow_details_meta_cast":"Cast","tvshow_details_meta_genres":"Genres","tvshow_details_meta_subtitles":"Subtitles","tvshow_details_share_cta":"Share","tvshow_details_viewall":"View All Episodes","txn_history_active":"ACTIVE","txn_history_amount":"Amount","txn_history_api_failure":"We are unable to fetch your transaction details right now. Please try again after sometime.","txn_history_cancelled":"CANCELLED","txn_history_coupon":"Coupon","txn_history_coupon_applied":"Coupon Applied","txn_history_date":"Date","txn_history_expired":"EXPIRED","txn_history_id":"Transaction Id","txn_history_no_data":"Sorry! there are no transactions yet in the account","txn_history_pack_details":"Pack Details","txn_history_payment_mode":"Payment Mode","txn_history_payment_status":"Payment Status","txn_history_title":"Transaction History","txn_history_tv_id":"Txn Id","txn_history_type":"Transaction Type","txn_history_validity":"Validity","txn_history_view_details":"VIEW DETAILS","txn_history_with_coupon":"with coupon: ‘$$COUPON_CODE’","UP_NEXT":"Up Next","USE":"Use","USE_COUPON_CODE":"Use Coupon Code","unspecified":"Unspecified","upcoming_already_released":"Streaming Now","upcoming_episode":"Episode","upcoming_episodes":"Episodes","upcoming_info":"Info","upcoming_languages":"Languages:","upcoming_mylist":"My List","upcoming_release_with_date":"Releasing: $$Date","upcoming_release_without_date":"Coming Soon","upcoming_reminder_check_more_plans":"Check out more plans","upcoming_reminder_me":"Remind Me","upcoming_reminder_nudge_desc":"You will need $$PACKNAME subscription to watch the original you have set reminder to. Until then, become a premium member and watch similar Originals and much more…","upcoming_reminder_nudge_title":"Reminder set, but why wait?","upcoming_reminder_offer_applied":"Offer applied","upcoming_reminder_set":"Reminder Set","upcoming_reminder_subscribe":"Subscribe Now","upcoming_reminder_upgrade":"Upgrade Now","upcoming_trailer":"Trailer","upcoming_trailer_not_avail":"Preview not availabl","upcoming_view_full_schedule":"View Full Schedule","payment_page_zipcode_update_button_title":"Update","update_email_mobile":"To update your email address or mobile number, please reach out to us","Upgrade":"Upgrade Now","upgrade_deferred_mode_success_message":"You\u0027ve successfully purchased $$NEW_PACK_NAME. It will be effective on $$EXPIRY, meanwhile continue to enjoy your existing pack $$OLD_PACK_NAME.","upgrade_free_trial_message":"You will lose Free Trial when you upgrade. You will be charged partial amount for the remaining period of your current subscription based on prorata and $$CURRENCY $$NEW_PACK_AMOUNT from $$EXPIRY and after every $$NEW_PACK_PERIOD.","upgrade_intervention":"Upgrade Now","upgrade_non_free_trial_message":"You will be charged partial amount for the remaining period of your current subscription based on prorata and $$CURRENCY $$NEW_PACK_AMOUNT from $$EXPIRY and after every $$NEW_PACK_PERIOD.","upgrade_watch_all_content":"Upgrade now to watch all content on TV","upi_close_timeout_message":"Please do not close until the action is  complete","upi_continue":"Continue","upi_enter_upi":"Enter UPI ID","upi_mins":"mins","upi_payment_process":"Payment in progress","upi_refresh_error_message":"Please do not close the window or refresh until the transaction is completed.","upi_timeout_message":"Please approve the payment before time runs out","upi_title_message":"Open your UPI-linked app  on your mobile","upi_username":"username@bank","url_not_reachabl_drm_license_or_asset_url":"{ \"retry\": \"Yes\", \"title\": \"Something went wrong, please try again\", \"description\": \"\" }","use_coupon_code":"Use Coupon Code","user_cancelled":"User Cancelled","user_content_language_default_error":"Cannot remove the selected language","user_content_language_success":"Thank you for providing your preference","VEDIO_THUBNAIL_EVENT_ACTION":"Video Thumbnail Click","VERIFY":"Verify","VERIFY_MOBILE_NO":"Verify your mobile number to create account","VIDEOQUALITY":"Video Quality","VIDEO_SHOW_EVENT_CATEGORY":"Video Show Case","validate_mobile_linked_to_account":"Please validate the mobile no. linked to this account","verify_email":"Verify your email address","verify_email_txt":"\u003cb\u003eHeads up!\u003c/b\u003e We need to verify your email address for better security. Simply tap on ‘Send OTP’ below to receive your OTP on email","visit_sonyliv_app":"Visit sony LIV app or www.sonyliv.com","WITH":"with","WATCH_AD_FREE":"Watch AD-Free","watch_all_content":"Watch all content with plans starting from ₹299/month","watchlist_empty_subtitle":"Keep track of everything you want to watch by tapping on \u0027+\u0027 button","watchlist_empty_title":"Your list is empty!","weak_internet":"Weak internet connection. Switch to Auto","whos_watching_add_name":"Add Your Name","whos_watching_add_profile":"Add Profile","whos_watching_done":"Done","whos_watching_edit":"Edit","whos_watching_manage_profile":"Manage Profiles","whos_watching_profiles":"Profiles","whos_watching_setup_message":"You can setup up to $$profiles for your family or friends.","whos_watching_title":"Who’s Watching?","wwe_pack_content_msg":"The content is exclusive for WWE users.","YEARLY":"Yearly","YOUR_AGE":"Your Age","you_signed_in_with":"You have signed in with","you_successfully_signed_in":"You have successfully signed in","you_successfully_signed_in_with":"You have successfully signed in with","you_will_be_charged":"You will be charged","yupptv_sso_fail_msg":"Login Failed - Please try again","yupptv_user_mismatch_msg":"Looks like not signed in YuppTV with registered number in sony LIV app","payment_page_zipcode_update_hint_text":"Please Input Your Zip Code","payment_page_zipcode_invalid_error":"Please Enter a Valid Zip Code","zipcode":"Zip Code"}},"systemTime":1768977457805,"resultCode":"OK"}