{"Fid":"fQrTXiEoSzK-r1iP9iqq3l","Status":3,"AuthToken":"eyJhbGciOiJFUzI1NiIsInR5cCI6IkpXVCJ9.eyJhcHBJZCI6IjE6NzMyNTY1OTIwMjU5OmFuZHJvaWQ6ZjZlNThhYjBlZDIwYzNjZCIsImV4cCI6MTc2OTU4NDg2NywiZmlkIjoiZlFyVFhpRW9TekstcjFpUDlpcXEzbCIsInByb2plY3ROdW1iZXIiOjczMjU2NTkyMDI1OX0.AB2LPV8wRQIhANhIQcygw1buaG6D1r1QCuk5euOFwtJ41ekid2Mn8susAiAkisT-j9dgMT__72pXOHe-Y6UznAHgarfF2u5hRSHeAQ","RefreshToken":"3_AS3qfwLU1Lh7SaGBvhM-hZoqeBLC-CbTZ612MmC-qSKbX6spuH1LH-veM8aEd_Ak9FkHO2EN2R58oAxAV5UuJpj4yvrn_l4pU-2cJr4paOQAp4k","TokenCreationEpochInSecs":1768980067,"ExpiresInSecs":604800}