<?xml version='1.0' encoding='utf-8' standalone='yes' ?>
<map>
    <string name="preInstallName">{&quot;pid&quot;:&quot;vivopreload_int&quot;,&quot;c&quot;:&quot;2025&quot;}</string>
    <long name="prev_session_dur" value="5" />
    <string name="afUninstallToken">fQrTXiEoSzK-r1iP9iqq3l:APA91bERiK1QWWhenizPQISlxqRzvBAIiPhL4XX5UVFWZ2GA83NrtUUUJj7U0cX0GIejHwsG6LDvkH1RJnJwcwiGKkK8aS1toW4e1w4I3a8GlK4kTev-tdE</string>
    <long name="af_rc_max_age" value="86400" />
    <boolean name="ddl_sent" value="true" />
    <string name="sentSuccessfully">true</string>
    <string name="af_remote_config">eyJmZWF0dXJlcyI6e30sInZlciI6ImRlZmF1bHQudjEuMTYzNzE0OTUyOSJ9</string>
    <int name="versionCode" value="20392" />
    <boolean name="sentRegisterRequestToAF" value="true" />
    <string name="savedProperties">{&quot;uid&quot;:&quot;1768980068036-7245790226026302621&quot;,&quot;preInstallName&quot;:&quot;{\&quot;pid\&quot;:\&quot;vivopreload_int\&quot;,\&quot;c\&quot;:\&quot;2025\&quot;}&quot;,&quot;waitForCustomerId&quot;:&quot;false&quot;,&quot;logLevel&quot;:&quot;0&quot;,&quot;AppUserId&quot;:&quot;__4c155c430a3a4105b39a3706ad1fbd70&quot;,&quot;advertiserId&quot;:&quot;b23188a2-001a-4eed-832a-c3e5f43e752e&quot;,&quot;advertiserIdEnabled&quot;:&quot;true&quot;}</string>
    <string name="AF_INSTALLATION">1768980068036-7245790226026302621</string>
    <boolean name="afUninstallToken_queued" value="false" />
    <int name="appsFlyerCount" value="4" />
    <long name="af_rc_timestamp" value="1768980066309" />
    <long name="AppsFlyerTimePassedSincePrevLaunch" value="1768980191265" />
    <boolean name="newGPReferrerSent" value="true" />
    <string name="appsFlyerFirstInstall">2026-01-21_072108+0000</string>
    <long name="afUninstallToken_received_time" value="1768980069260" />
    <string name="attributionId">{&quot;install_time&quot;:&quot;2026-01-21 07:21:11.322&quot;,&quot;af_message&quot;:&quot;organic install&quot;,&quot;af_status&quot;:&quot;Organic&quot;,&quot;is_first_launch&quot;:false}</string>
</map>
