<?xml version='1.0' encoding='utf-8' standalone='yes' ?>
<map>
    <long name="com.rzmod.Raj.classes.cloneTimestamp" value="1768980029700" />
    <boolean name="bg_startup_tracing" value="false" />
    <long name="com.facebook.appevents.SessionInfo.sessionStartTime" value="1768980148696" />
    <long name="com.facebook.appevents.SessionInfo.sessionEndTime" value="1768980196520" />
    <int name="com.facebook.appevents.SessionInfo.interruptionCount" value="2" />
    <int name="com.rzmod.Raj.classes.originalInstallVersionCode" value="20392" />
    <string name="com.facebook.appevents.SessionInfo.sessionId">f6208e6b-6620-40e5-99e6-61e9bd0bfdcf</string>
</map>
