<?xml version='1.0' encoding='utf-8' standalone='yes' ?>
<map>
    <int name="encryptionMigrationFailureCount:48K-8WW-754Z" value="0" />
    <boolean name="OptOut:__4c155c430a3a4105b39a3706ad1fbd70:48K-8WW-754Z" value="false" />
    <string name="deviceId:48K-8WW-754Z">__4c155c430a3a4105b39a3706ad1fbd70</string>
    <string name="pfworkid">48K-8WW-754Z</string>
    <int name="cachedGUIDsLengthKey:48K-8WW-754Z" value="2" />
    <int name="lastSessionId:48K-8WW-754Z" value="1768980190" />
    <string name="ict_date:__4c155c430a3a4105b39a3706ad1fbd70:48K-8WW-754Z">21012026</string>
    <boolean name="NetworkInfo:48K-8WW-754Z" value="true" />
    <int name="imc:__4c155c430a3a4105b39a3706ad1fbd70:48K-8WW-754Z" value="5" />
    <string name="fcm_token:48K-8WW-754Z">fQrTXiEoSzK-r1iP9iqq3l:APA91bERiK1QWWhenizPQISlxqRzvBAIiPhL4XX5UVFWZ2GA83NrtUUUJj7U0cX0GIejHwsG6LDvkH1RJnJwcwiGKkK8aS1toW4e1w4I3a8GlK4kTev-tdE</string>
    <string name="comms_dmn:48K-8WW-754Z">eu1.clevertap-prod.com</string>
    <int name="comms_last_ts:48K-8WW-754Z" value="1768980193" />
    <int name="comms_first_ts:48K-8WW-754Z" value="1768980067" />
    <int name="istc_inapp:__4c155c430a3a4105b39a3706ad1fbd70:48K-8WW-754Z" value="0" />
    <int name="encryptionLevel:48K-8WW-754Z" value="0" />
    <int name="sexe:48K-8WW-754Z" value="1768980196" />
    <int name="comms_mtd:48K-8WW-754Z" value="0" />
    <boolean name="ssInAppMigrated:48K-8WW-754Z" value="true" />
    <string name="instance:48K-8WW-754Z">{&quot;accountId&quot;:&quot;48K-8WW-754Z&quot;,&quot;accountToken&quot;:&quot;00b-3b4&quot;,&quot;fcmSenderId&quot;:&quot;732565920259&quot;,&quot;analyticsOnly&quot;:false,&quot;isDefaultInstance&quot;:true,&quot;useGoogleAdId&quot;:false,&quot;disableAppLaunchedEvent&quot;:false,&quot;personalization&quot;:true,&quot;debugLevel&quot;:0,&quot;createdPostAppLaunch&quot;:false,&quot;sslPinning&quot;:false,&quot;backgroundSync&quot;:true,&quot;getEnableCustomCleverTapId&quot;:false,&quot;beta&quot;:false,&quot;encryptionLevel&quot;:0,&quot;allowedPushTypes&quot;:[]}</string>
    <int name="istmcd_inapp:__4c155c430a3a4105b39a3706ad1fbd70:48K-8WW-754Z" value="10" />
    <string name="comms_dmn_spiky:48K-8WW-754Z">eu1-spiky.clevertap-prod.com</string>
    <string name="SP_KEY_PROFILE_IDENTITIES:48K-8WW-754Z">Email,Identity</string>
    <string name="cachedGUIDsKey:48K-8WW-754Z">{&quot;Email_&quot;:&quot;__4c155c430a3a4105b39a3706ad1fbd70&quot;,&quot;Identity_2309140751188971577&quot;:&quot;__4c155c430a3a4105b39a3706ad1fbd70&quot;}</string>
    <long name="last_assets_cleanup" value="1768980068287" />
</map>
